rating, keyword, relevance, bucket
4, local bar, 0.897313, 1
4, Las Vegas, 0.890236, 1
4, breakfast items, 0.901345, 7
4, portions, 0.693061, 7
4, Putter, 0.762253, 9
4, rates, 0.612721, 9
5, bias, 0.799454, 0
5, drink, 0.69, 1
5, bar, 0.507601, 6
5, Good music, 0.924258, 7
5, TV, 0.478328, 7
5, Angelina, 0.725297, 8
5, food, 0.488578, 8
