rating, keyword, relevance, bucket
1, meal, 0.676737, 0
1, sister, 0.670488, 0
1, chicken tenders, 0.978395, 1
1, waitress, 0.790232, 1
1, frozen stuff, 0.93869, 2
1, micro, 0.678604, 2
1, food, 0.643078, 3
1, place, 0.615957, 6
1, business, 0.615136, 6
1, boyfriend, 0.718804, 7
2, Food, 0.49463, 0
2, place kind, 0.945859, 1
2, sucks, 0.59598, 1
2, fish, 0.472455, 3
2, door., 0.471955, 3
2, great TV, 0.945396, 6
2, reason, 0.526282, 8
2, bar, 0.466466, 8
