rating,keyword,relevance,bucket
1, skink, 0.595637, 0
1, game, 0.37023, 0
1, drinks, 0.853773, 2
1, tou, 0.674899, 2
1, short changing, 0.945828, 3
1, short change, 0.847077, 3
3, shots, 0.610161, 0
3, strippers, 0.69679, 2
3, drinks, 0.682559, 2
3, AJ, 0.817078, 3
3, strip club, 0.903485, 6
3, place, 0.643721, 6
