rating, keyword, relevance, bucket
1, hurry, 0.880019, 0
1, asshole, 0.969998, 2
1, dude, 0.880729, 2
1, service, 0.780718, 3
1, company, 0.737159, 3
5, Revolver Lounge, 0.717798, 0
5, huge lineup, 0.708613, 0
5, Labour, 0.473996, 2
5, town, 0.465994, 2
5, questions, 0.535665, 3
5, cab, 0.473403, 3
5, nightlife, 0.579004, 4
5, Scottsdale, 0.556864, 4
5, EZ, 0.802168, 6
5, car, 0.51002, 6
5, pretty sweet tunes, 0.904111, 7
5, Yelp, 0.647938, 7
5, taxi, 0.469904, 8
5, reasons, 0.462546, 8
