rating, keyword, relevance, bucket
3, potential fight, 0.624196, 0
3, Hmmm, 0.483299, 0
3, sore thumb, 0.646806, 1
3, tear drops, 0.631887, 1
3, total dive, 0.845387, 2
3, potential fights, 0.611066, 2
3, regulars, 0.459711, 3
3, type, 0.443354, 3
3, friend, 0.511947, 4
3, Key West, 0.998115, 5
3, point, 0.445321, 6
3, home, 0.445126, 6
3, hahaha, 0.487606, 7
3, attention, 0.449239, 7
3, Friday night, 0.634517, 8
3, place, 0.448083, 8
3, good story, 0.615789, 9
3, stars, 0.441096, 9
