rating,keyword,relevance,bucket
2, bar staff, 0.742205, 1
2, Regulars, 0.449764, 1
2, sky TV, 0.686308, 2
2, atmosphere, 0.364175, 2
2, mans pub, 0.930989, 3
2, exit doors, 0.809199, 3
3, guests, 0.360233, 0
3, match, 0.330401, 0
3, Hibs game., 0.990474, 3
3, pint, 0.453046, 3
3, wait, 0.42672, 6
3, staff, 0.346294, 6
3, pub, 0.570407, 7
3, locals, 0.408357, 7
3, forthcoming game, 0.791675, 8
3, friendly chat, 0.715609, 8
